profession,sense-name,sense-definition,primary-soc,secondary-soc
accountant,accountant.n.01,someone who maintains and audits business accounts,13:Business and Financial Operations Occupations,
acrobat,acrobat.n.01,an athlete who performs acts requiring skill and agility and coordination,"27:Arts, Design, Entertainment, Sports, and Media Occupations",
actor,actor.n.01,a theatrical performer,"27:Arts, Design, Entertainment, Sports, and Media Occupations",
actor,actor.n.02,a person who acts and gets things done,"27:Arts, Design, Entertainment, Sports, and Media Occupations",
actress,actress.n.01,a female actor,"27:Arts, Design, Entertainment, Sports, and Media Occupations",
administrator,administrator.n.01,someone who administers a business,11:Management Occupations,
administrator,administrator.n.02,the party appointed by a probate court to distribute the estate of someone who dies without a will or without naming an executor,11:Management Occupations,
administrator,administrator.n.03,someone who manages a government agency or department,11:Management Occupations,
admiral,admiral.n.01,the supreme commander of a fleet; ranks above a vice admiral and below a fleet admiral,11:Management Occupations,55:Military Specific Occupations
advertiser,advertiser.n.01,someone whose business is advertising,41:Sales and Related Occupations,
adviser,adviser.n.01,an expert who gives advice,General,
airman,aviator.n.01,someone who operates an aircraft,55:Military Specific Occupations,
alderman,alderman.n.01,a member of a municipal legislative body (as a city council),11:Management Occupations,
ambassador,ambassador.n.01,a diplomat of the highest rank; accredited as representative from one country to another,11:Management Occupations,
analyst,analyst.n.01,someone who is skilled at analyzing data,General,
analyst,analyst.n.02,an expert who studies financial data (on credit or securities or sales or financial patterns etc.) and recommends appropriate business actions,13:Business and Financial Operations Occupations,
analyst,analyst.n.03,a licensed practitioner of psychoanalysis,29:Healthcare Practitioners and Technical Occupations,
animator,animator.n.02,the technician who produces animated cartoons,"27:Arts, Design, Entertainment, Sports, and Media Occupations",
animator,energizer.n.01,someone who imparts energy and vitality and spirit to other people,Can't Say,
announcer,announcer.n.01,someone who proclaims a message publicly,"27:Arts, Design, Entertainment, Sports, and Media Occupations",
announcer,announcer.n.02,"reads news, commercials on radio or television","27:Arts, Design, Entertainment, Sports, and Media Occupations",
anthropologist,anthropologist.n.01,a social scientist who specializes in anthropology,"19:Life, Physical, and Social Science Occupations",
apprentice,apprentice.n.01,works for an expert to learn a trade,Can't Say,
archaeologist,archeologist.n.01,an anthropologist who studies prehistoric people and their culture,"19:Life, Physical, and Social Science Occupations",
architect,architect.n.01,someone who creates plans to be used in making something (such as buildings),17:Architecture and Engineering Occupations,
armed guard,,,33:Protective Service Occupations,
artisan,craftsman.n.03,a skilled worker who practices some trade or handicraft,51:Production Occupations,
artist,artist.n.01,a person whose creative work shows sensitivity and imagination,"27:Arts, Design, Entertainment, Sports, and Media Occupations",
astrologer,astrologer.n.01,someone who predicts the future by the positions of the planets and sun and Moon,Can't Say,
astronaut,astronaut.n.01,a person trained to travel in a spacecraft,"19:Life, Physical, and Social Science Occupations",
astronomer,astronomer.n.01,a physicist who studies astronomy,"19:Life, Physical, and Social Science Occupations",
attorney,lawyer.n.01,a professional person authorized to practice law; conducts lawsuits or gives legal advice,23:Legal Occupations,
attorney general,attorney_general.n.01,the chief law officer of a country or state,23:Legal Occupations,
attorney general,attorney_general.n.02,the person who holds the position of secretary of the Justice Department,23:Legal Occupations,
auditor,auditor.n.03,a qualified accountant who inspects the accounting records and practices of a business or other organization,13:Business and Financial Operations Occupations,
author,writer.n.01,writes (books or stories or articles or the like) professionally (for pay),"27:Arts, Design, Entertainment, Sports, and Media Occupations",
aviator,aviator.n.01,someone who operates an aircraft,53:Transportation and Material Moving Occupations,
babysitter,babysitter.n.01,a person engaged to care for children when the parents are not home,39:Personal Care and Service Occupations,
bailiff,bailiff.n.01,an officer of the court who is employed to execute writs and processes and make arrests etc.,33:Protective Service Occupations,
baker,baker.n.01,someone who bakes commercially,51:Production Occupations,
baker,baker.n.02,someone who bakes bread or cake,51:Production Occupations,
ballerina,ballerina.n.01,a female ballet dancer,"27:Arts, Design, Entertainment, Sports, and Media Occupations",
bank manager,bank_manager.n.01,manager of a branch office of a bank,11:Management Occupations,
banker,banker.n.01,a financier who owns or is an executive in a bank,41:Sales and Related Occupations,
banker,banker.n.02,the person in charge of the bank in a gambling game,"27:Arts, Design, Entertainment, Sports, and Media Occupations",
barber,barber.n.02,a hairdresser who cuts hair and shaves beards as a trade,39:Personal Care and Service Occupations,
bard,bard.n.01,a lyric poet,"27:Arts, Design, Entertainment, Sports, and Media Occupations",
barmaid,barmaid.n.01,a female bartender,35:Food Preparation and Serving Related Occupations,
barman,bartender.n.01,an employee who mixes and serves alcoholic drinks at a bar,35:Food Preparation and Serving Related Occupations,
barrister,barrister.n.01,a British or Canadian lawyer who speaks in the higher courts of law on behalf of either the defense or prosecution,23:Legal Occupations,
bartender,bartender.n.01,an employee who mixes and serves alcoholic drinks at a bar,35:Food Preparation and Serving Related Occupations,
baseball player,ballplayer.n.01,an athlete who plays baseball,"27:Arts, Design, Entertainment, Sports, and Media Occupations",
basketball player,basketball_player.n.01,an athlete who plays basketball,"27:Arts, Design, Entertainment, Sports, and Media Occupations",
bass player,,,"27:Arts, Design, Entertainment, Sports, and Media Occupations",
biologist,biologist.n.01,(biology) a scientist who studies living organisms,"19:Life, Physical, and Social Science Occupations",
bishop,bishop.n.01,a senior member of the Christian clergy having spiritual and administrative authority; appointed in Christian churches to oversee priests or ministers; considered in some churches to be successors of the twelve Apostles of Christ,21:Community and Social Service Occupations,
blaster,blaster.n.01,a workman employed to blast with explosives,47:Construction and Extraction Occupations,
bobby,bobby.n.01,an informal term for a British policeman,33:Protective Service Occupations,
bodyguard,bodyguard.n.01,someone who escorts and protects a prominent person,33:Protective Service Occupations,
bodyguard,bodyguard.n.02,a group of men who escort and protect some important person,33:Protective Service Occupations,
bookie,bookmaker.n.02,a gambler who accepts and pays off bets (especially on horse races),39:Personal Care and Service Occupations,
bookkeeper,bookkeeper.n.01,someone who records the transactions of a business,43:Office and Administrative Support Occupations,
border patrol,,,33:Protective Service Occupations,
bouncer,bouncer.n.01,a person whose duty is to throw troublemakers out of a bar or public meeting,33:Protective Service Occupations,
bounty hunter,bounty_hunter.n.01,someone who pursues fugitives or criminals for whom a reward is offered,Can't Say,
bounty hunter,bounty_hunter.n.02,a hunter who kills predatory wild animals in order to collect a bounty,"45:Farming, Fishing, and Forestry Occupations",
bowler,bowler.n.01,a cricketer who delivers the ball to the batsman in cricket,"27:Arts, Design, Entertainment, Sports, and Media Occupations",
bowler,bowler.n.02,a player who rolls balls down an alley at pins,"27:Arts, Design, Entertainment, Sports, and Media Occupations",
boxer,boxer.n.01,someone who fights with his fists for sport,"27:Arts, Design, Entertainment, Sports, and Media Occupations",
boxer,packer.n.01,a workman employed to pack things into containers,53:Transportation and Material Moving Occupations,
boy scout,boy_scout.n.01,a boy who is a member of the Boy Scouts,Can't Say,
breeder,breeder.n.01,a person who breeds animals,"45:Farming, Fishing, and Forestry Occupations",
brewer,brewer.n.01,someone who brews beer or ale from malt and hops and water,35:Food Preparation and Serving Related Occupations,
brewer,brewer.n.02,the owner or manager of a brewery,11:Management Occupations,
broker,agent.n.04,a businessman who buys or sells for another in exchange for a commission,41:Sales and Related Occupations,13:Business and Financial Operations Occupations
builder,builder.n.02,a person who creates a business or who organizes and develops a country,Can't Say,
builder,builder.n.03,someone who contracts for and supervises construction (as of a building),47:Construction and Extraction Occupations,51:Production Occupations
bus driver,busman.n.01,someone who drives a bus,53:Transportation and Material Moving Occupations,
butcher,butcher.n.01,a retailer of meat,51:Production Occupations,
butcher,butcher.n.03,a person who slaughters or dresses meat for market,51:Production Occupations,
butler,butler.n.01,a manservant (usually the head servant of a household) who has charge of wines and the table,39:Personal Care and Service Occupations,
cab driver,,,53:Transportation and Material Moving Occupations,
cadet,cadet.n.01,a military trainee (as at a military academy),55:Military Specific Occupations,
cameraman,cameraman.n.01,a photographer who operates a movie camera,"27:Arts, Design, Entertainment, Sports, and Media Occupations",
captain,captain.n.01,an officer holding a rank below a major but above a lieutenant,33:Protective Service Occupations,
captain,captain.n.02,the naval officer in command of a military ship,55:Military Specific Occupations,
captain,captain.n.03,a policeman in charge of a precinct,33:Protective Service Occupations,
captain,captain.n.06,the pilot in charge of an airship,53:Transportation and Material Moving Occupations,
captain,captain.n.07,a dining-room attendant who is in charge of the waiters and the seating of customers,35:Food Preparation and Serving Related Occupations,
captain,master.n.07,an officer who is licensed to command a merchant ship,53:Transportation and Material Moving Occupations,
cardiologist,cardiologist.n.01,a specialist in cardiology; a specialist in the structure and function and disorders of the heart,29:Healthcare Practitioners and Technical Occupations,
caretaker,caretaker.n.01,a custodian who is hired to take care of something (property or a person),37:Building and Grounds Cleaning and Maintenance Occupations,
caretaker,caretaker.n.02,an official who performs the duties of an office temporarily,43:Office and Administrative Support Occupations,
carpenter,carpenter.n.01,a woodworker who makes or repairs wooden objects,47:Construction and Extraction Occupations,
carrier,carrier.n.01,someone whose employment involves carrying something,General,
carrier,carrier.n.05,a person or firm in the business of transporting people or goods or messages,53:Transportation and Material Moving Occupations,
carrier,carrier.n.08,a boy who delivers newspapers,41:Sales and Related Occupations,43:Office and Administrative Support Occupations
carrier,mailman.n.01,a man who delivers the mail,41:Sales and Related Occupations,43:Office and Administrative Support Occupations
cashier,cashier.n.02,a person responsible for receiving payments for goods and services (as in a shop or restaurant),41:Sales and Related Occupations,
cashier,teller.n.03,an employee of a bank who receives and pays out money,43:Office and Administrative Support Occupations,13:Business and Financial Operations Occupations
ceo,chief_executive_officer.n.01,the corporate executive responsible for the operations of the firm; reports to a board of directors; may appoint other managers (including a president),11:Management Occupations,
chairman,president.n.04,the officer who presides at the meetings of an organization,11:Management Occupations,
chamberlain,chamberlain.n.02,the treasurer of a municipal corporation,11:Management Occupations,
chamberlain,chamberlain.n.03,an officer who manages the household of a king or nobleman,37:Building and Grounds Cleaning and Maintenance Occupations,
chancellor,chancellor_of_the_exchequer.n.01,the British cabinet minister responsible for finance,11:Management Occupations,13:Business and Financial Operations Occupations
chancellor,chancellor.n.02,the person who is head of state (in several countries),11:Management Occupations,
chancellor,chancellor.n.03,the honorary or titular head of a university,11:Management Occupations,
chaplain,chaplain.n.01,a clergyman ministering to some institution,21:Community and Social Service Occupations,
char,charwoman.n.01,a human female employed to do housework,37:Building and Grounds Cleaning and Maintenance Occupations,
chauffeur,chauffeur.n.01,a man paid to drive a privately owned car,53:Transportation and Material Moving Occupations,
chef,chef.n.01,a professional cook,35:Food Preparation and Serving Related Occupations,
chemist,chemist.n.01,a scientist who specializes in chemistry,"19:Life, Physical, and Social Science Occupations",
chemist,pharmacist.n.01,a health professional trained in the art of preparing and dispensing drugs,29:Healthcare Practitioners and Technical Occupations,
chief,foreman.n.01,a person who exercises control over workers,General,
chief constable,chief_constable.n.01,the head of the police force in a county (or similar area),33:Protective Service Occupations,
chief of staff,chief_of_staff.n.01,the senior officer of a service of the armed forces,55:Military Specific Occupations,
chiropractor,chiropractor.n.01,a therapist who practices chiropractic,29:Healthcare Practitioners and Technical Occupations,
choreographer,choreographer.n.01,someone who creates new dances,"27:Arts, Design, Entertainment, Sports, and Media Occupations",
cleaner,cleaner.n.02,the operator of dry-cleaning establishment,51:Production Occupations,
cleaner,cleaner.n.03,someone whose occupation is cleaning,37:Building and Grounds Cleaning and Maintenance Occupations,
cleaning lady,charwoman.n.01,a human female employed to do housework,37:Building and Grounds Cleaning and Maintenance Occupations,
clergyman,clergyman.n.01,a member of the clergy and a spiritual leader of the Christian Church,21:Community and Social Service Occupations,
cleric,cleric.n.01,a clergyman or other person in religious orders,21:Community and Social Service Occupations,
clerk,clerk.n.01,"an employee who performs clerical work (e.g., keeps records or accounts)",43:Office and Administrative Support Occupations,
clerk,salesclerk.n.01,a salesperson in a store,41:Sales and Related Occupations,
coach,coach.n.01,(sports) someone in charge of training an athlete or a team,"27:Arts, Design, Entertainment, Sports, and Media Occupations",
coach,coach.n.02,"a person who gives private instruction (as in singing, acting, etc.)",25:Educational Instruction and Library Occupations,"27:Arts, Design, Entertainment, Sports, and Media Occupations"
coachman,coachman.n.01,a man who drives a coach (or carriage),53:Transportation and Material Moving Occupations,
cobbler,cobbler.n.01,a person who makes or repairs shoes,51:Production Occupations,
columnist,columnist.n.01,a journalist who writes editorials,"27:Arts, Design, Entertainment, Sports, and Media Occupations",
comedian,comedian.n.01,a professional performer who tells jokes and performs comical acts,"27:Arts, Design, Entertainment, Sports, and Media Occupations",
comedian,comedian.n.02,an actor in a comedy,"27:Arts, Design, Entertainment, Sports, and Media Occupations",
comic,comedian.n.01,a professional performer who tells jokes and performs comical acts,"27:Arts, Design, Entertainment, Sports, and Media Occupations",
commandant,commanding_officer.n.01,an officer in command of a military unit,55:Military Specific Occupations,
commander,air_force_officer.n.01,an officer in the airforce,55:Military Specific Occupations,
commander,commander.n.02,someone in an official position of authority who can command or control others,11:Management Occupations,
commander,commander.n.03,a commissioned naval officer who ranks above a lieutenant commander and below a captain,55:Military Specific Occupations,
commander,commanding_officer.n.01,an officer in command of a military unit,55:Military Specific Occupations,
commander in chief,commander_in_chief.n.01,the officer who holds the supreme command,55:Military Specific Occupations,
commanding officer,commanding_officer.n.01,an officer in command of a military unit,55:Military Specific Occupations,
commando,commando.n.01,a member of a military unit trained as shock troops for hit-and-run raids,55:Military Specific Occupations,
commentator,commentator.n.02,a writer who reports and analyzes events of the day,"27:Arts, Design, Entertainment, Sports, and Media Occupations",
commentator,observer.n.02,an expert who observes and comments on something,"27:Arts, Design, Entertainment, Sports, and Media Occupations",
commissioner,commissioner.n.01,a government administrator,11:Management Occupations,
commissioner,commissioner.n.02,a member of a commission,11:Management Occupations,
composer,composer.n.01,someone who composes music as a profession,"27:Arts, Design, Entertainment, Sports, and Media Occupations",
concierge,concierge.n.01,a French caretaker of apartments or a hotel; lives on the premises and oversees people entering and leaving and handles mail and acts as janitor or porter,39:Personal Care and Service Occupations,
conductor,conductor.n.01,the person who leads a musical group,"27:Arts, Design, Entertainment, Sports, and Media Occupations",
conductor,conductor.n.03,the person who collects fares on a public conveyance,53:Transportation and Material Moving Occupations,
confessor,confessor.n.01,a priest who hears confession and gives absolution,21:Community and Social Service Occupations,
congressman,congressman.n.01,a member of the United States House of Representatives,11:Management Occupations,
congresswoman,congressman.n.01,a member of the United States House of Representatives,11:Management Occupations,
constable,constable.n.01,a lawman with less authority and jurisdiction than a sheriff,33:Protective Service Occupations,
constable,constable.n.03,a police officer of the lowest rank,33:Protective Service Occupations,
construction worker,construction_worker.n.01,a worker skilled in building offices or dwellings etc.,37:Building and Grounds Cleaning and Maintenance Occupations,47:Construction and Extraction Occupations
consultant,adviser.n.01,an expert who gives advice,General,
contractor,contractor.n.01,someone (a person or firm) who contracts to build things,13:Business and Financial Operations Occupations,
contractor,contractor.n.02,the bridge player in contract bridge who wins the bidding and can declare which suit is to be trumps,"27:Arts, Design, Entertainment, Sports, and Media Occupations",
cook,cook.n.01,someone who cooks food,35:Food Preparation and Serving Related Occupations,
cop,bull.n.05,uncomplimentary terms for a policeman,33:Protective Service Occupations,
coroner,coroner.n.01,a public official who investigates by inquest any death not due to natural causes,33:Protective Service Occupations,
corporal,corporal.n.01,a noncommissioned officer in the Army or Air Force or Marines,55:Military Specific Occupations,
correspondent,correspondent.n.02,a journalist employed to provide news stories for newspapers or broadcast media,"27:Arts, Design, Entertainment, Sports, and Media Occupations",
councillor,council_member.n.01,a member of a council,11:Management Occupations,
councilman,councilman.n.01,a man who is a council member,11:Management Occupations,
councillor,,,11:Management Occupations,
counsel,advocate.n.02,a lawyer who pleads cases in court,23:Legal Occupations,
counsellor,advocate.n.02,a lawyer who pleads cases in court,23:Legal Occupations,
counsellor,counselor.n.01,someone who gives advice about problems,21:Community and Social Service Occupations,
counsellor,counselor.n.02,someone who has supervisory duties at a summer camp,21:Community and Social Service Occupations,
courier,messenger.n.01,a person who carries a message,43:Office and Administrative Support Occupations,
cowboy,cowboy.n.01,a hired hand who tends cattle and performs other duties on horseback,"45:Farming, Fishing, and Forestry Occupations",
cowboy,cowboy.n.02,a performer who gives exhibitions of riding and roping and bulldogging,"27:Arts, Design, Entertainment, Sports, and Media Occupations",
craftsman,craftsman.n.01,a professional whose work is consistently of high quality,51:Production Occupations,
craftsman,craftsman.n.02,a creator of great skill in the manual arts,51:Production Occupations,
craftsman,craftsman.n.03,a skilled worker who practices some trade or handicraft,51:Production Occupations,
crew member,crewman.n.02,a member of a flight crew,53:Transportation and Material Moving Occupations,
crewman,crewman.n.02,a member of a flight crew,53:Transportation and Material Moving Occupations,
crewman,sailor.n.01,any member of a ship's crew,53:Transportation and Material Moving Occupations,
critic,critic.n.01,a person who is professionally engaged in the analysis and interpretation of works of art,"27:Arts, Design, Entertainment, Sports, and Media Occupations",
tutor,coach.n.02,"a person who gives private instruction (as in singing, acting, etc.)",25:Educational Instruction and Library Occupations,
custodian,custodian.n.01,one having charge of buildings or grounds or animals,37:Building and Grounds Cleaning and Maintenance Occupations,
cutler,cutler.n.01,a dealer in cutlery,41:Sales and Related Occupations,
cutter,cutter.n.02,someone who carves the meat,51:Production Occupations,
cutter,cutter.n.03,someone whose work is cutting (as e.g. cutting cloth for garments),51:Production Occupations,
cutter,stonecutter.n.01,someone who cuts or carves stone,51:Production Occupations,
district attorney,district_attorney.n.01,an official prosecutor for a judicial district,23:Legal Occupations,
dancer,dancer.n.01,a performer who dances professionally,"27:Arts, Design, Entertainment, Sports, and Media Occupations",
dancer,dancer.n.02,a person who participates in a social gathering arranged for dancing (as a ball),"27:Arts, Design, Entertainment, Sports, and Media Occupations",
dci,director_of_central_intelligence.n.01,the head of the United States Intelligence Community and director of the Central Intelligence Agency,11:Management Occupations,
deacon,deacon.n.01,a Protestant layman who assists the minister,21:Community and Social Service Occupations,
deacon,deacon.n.02,a cleric ranking just below a priest in Christian churches; one of the Holy Orders,21:Community and Social Service Occupations,
dealer,dealer.n.05,the person who distributes the playing cards in a card game,"27:Arts, Design, Entertainment, Sports, and Media Occupations",
dealer,trader.n.01,someone who purchases and maintains an inventory of goods to be sold,41:Sales and Related Occupations,
dean,dean.n.01,an administrator in charge of a division of a university or college,11:Management Occupations,
dean,dean.n.03,a man who is the senior member of a group,General,
dean,dean.n.04,(Roman Catholic Church) the head of the College of Cardinals,21:Community and Social Service Occupations,
decorator,decorator.n.02,someone who decorates,"27:Arts, Design, Entertainment, Sports, and Media Occupations",
decorator,interior_designer.n.01,a person who specializes in designing architectural interiors and their furnishings,17:Architecture and Engineering Occupations,
dj,,,"27:Arts, Design, Entertainment, Sports, and Media Occupations",
defense attorney,defense_attorney.n.01,the lawyer representing the defendant,23:Legal Occupations,
delivery boy,deliveryman.n.01,someone employed to make deliveries,53:Transportation and Material Moving Occupations,
dentist,dentist.n.01,a person qualified to practice dentistry,29:Healthcare Practitioners and Technical Occupations,
department head,,,11:Management Occupations,
deputy,deputy.n.01,someone authorized to exercise the powers of sheriff in emergencies,33:Protective Service Occupations,
deputy,deputy.n.02,an assistant with power to act when his superior is absent,General,
deputy,deputy.n.03,a member of the lower chamber of a legislative assembly (such as in France),11:Management Occupations,23:Legal Occupations
designer,architect.n.01,someone who creates plans to be used in making something (such as buildings),17:Architecture and Engineering Occupations,
designer,couturier.n.01,someone who designs clothing,"27:Arts, Design, Entertainment, Sports, and Media Occupations",
designer,graphic_designer.n.01,someone who specializes in graphic design,"27:Arts, Design, Entertainment, Sports, and Media Occupations",
designer,interior_designer.n.01,a person who specializes in designing architectural interiors and their furnishings,17:Architecture and Engineering Occupations,
detective,detective.n.01,a police officer who investigates crimes,33:Protective Service Occupations,
detective,detective.n.02,an investigator engaged or employed in obtaining information not easily available to the public,33:Protective Service Occupations,
developer,developer.n.01,someone who develops real estate (especially someone who prepares a site for residential or commercial use),37:Building and Grounds Cleaning and Maintenance Occupations,
digger,digger.n.01,a laborer who digs,47:Construction and Extraction Occupations,
director,conductor.n.01,the person who leads a musical group,"27:Arts, Design, Entertainment, Sports, and Media Occupations",
director,director.n.01,someone who controls resources and expenditures,11:Management Occupations,13:Business and Financial Operations Occupations
director,director.n.02,member of a board of directors,11:Management Occupations,
director,director.n.03,someone who supervises the actors and directs the action in the production of a show,"27:Arts, Design, Entertainment, Sports, and Media Occupations",
director,film_director.n.01,the person who directs the making of a film,"27:Arts, Design, Entertainment, Sports, and Media Occupations",
dispatcher,dispatcher.n.02,employee of a transportation company who controls the departures of vehicles according to weather conditions and in the interest of efficient service,43:Office and Administrative Support Occupations,
dispatcher,starter.n.03,the official who signals the beginning of a race or competition,"27:Arts, Design, Entertainment, Sports, and Media Occupations",
distributor,allocator.n.01,a person with authority to allot or deal out or apportion,Can't Say,
distributor,distributor.n.01,someone who markets merchandise,41:Sales and Related Occupations,
diver,diver.n.01,someone who works underwater,"49:Installation, Maintenance, and Repair Occupations",
dj,disk_jockey.n.01,a person who announces and plays popular recorded music,"27:Arts, Design, Entertainment, Sports, and Media Occupations",
doctor,doctor.n.01,a licensed medical practitioner,29:Healthcare Practitioners and Technical Occupations,
doctor,doctor_of_the_church.n.01,(Roman Catholic Church) a title conferred on 33 saints who distinguished themselves through the orthodoxy of their theological teaching,29:Healthcare Practitioners and Technical Occupations,
curator,curator.n.01,the custodian of a collection (as a museum or library),25:Educational Instruction and Library Occupations,
doorman,doorkeeper.n.03,someone who guards an entrance,33:Protective Service Occupations,
doctor,doctor.n.04,a person who holds Ph.D. degree (or the equivalent) from an academic institution,25:Educational Instruction and Library Occupations,
driver,driver.n.02,someone who drives animals that pull a vehicle,53:Transportation and Material Moving Occupations,
driver,driver.n.03,a golfer who hits the golf ball with a driver,"27:Arts, Design, Entertainment, Sports, and Media Occupations",
druid,druid.n.01,a pre-Christian priest among the Celts of ancient Gaul and Britain and Ireland,21:Community and Social Service Occupations,
drummer,drummer.n.01,someone who plays a drum,"27:Arts, Design, Entertainment, Sports, and Media Occupations",
dry cleaner,cleaner.n.02,the operator of dry-cleaning establishment,51:Production Occupations,
economist,economist.n.01,an expert in the science of economics,"19:Life, Physical, and Social Science Occupations",
editor,editor.n.01,a person responsible for the editorial aspects of publication; the person who determines the final content of a text (especially of a newspaper or magazine),"27:Arts, Design, Entertainment, Sports, and Media Occupations",
electrician,electrician.n.01,a person who installs or repairs electrical or telephone lines,"49:Installation, Maintenance, and Repair Occupations",47:Construction and Extraction Occupations
engineer,engineer.n.01,a person who uses scientific knowledge to solve practical problems,17:Architecture and Engineering Occupations,
engineer,engineer.n.02,the operator of a railway locomotive,53:Transportation and Material Moving Occupations,
educator,educator.n.01,someone who educates young people,25:Educational Instruction and Library Occupations,
errand boy,messenger_boy.n.01,a boy who earns money by running errands,Can't Say,
escort,bodyguard.n.01,someone who escorts and protects a prominent person,33:Protective Service Occupations,
escort,escort.n.03,an attendant who is employed to accompany someone,39:Personal Care and Service Occupations,
estate agent,real_estate_broker.n.01,a person who is authorized to act as an agent for the sale of land,41:Sales and Related Occupations,
examiner,examiner.n.01,someone who administers a test to determine your qualifications,General,
examiner,examiner.n.02,an investigator who observes carefully,General,
executive,administrator.n.03,someone who manages a government agency or department,11:Management Occupations,
executive,executive.n.01,a person responsible for the administration of a business,13:Business and Financial Operations Occupations,
executive,executive.n.02,persons who administer the law,23:Legal Occupations,
exorcist,exorcist.n.01,one of the minor orders in the unreformed Western Church but now suppressed in the Roman Catholic Church,21:Community and Social Service Occupations,
exorcist,exorcist.n.02,someone who practices exorcism,21:Community and Social Service Occupations,
exterminator,exterminator.n.01,someone who exterminates (especially someone whose occupation is the extermination of troublesome rodents and insects),37:Building and Grounds Cleaning and Maintenance Occupations,
farmer,farmer.n.01,a person who operates a farm,"45:Farming, Fishing, and Forestry Occupations",
fiddler,violinist.n.01,a musician who plays the violin,"27:Arts, Design, Entertainment, Sports, and Media Occupations",
field marshal,field_marshal.n.01,an officer holding the highest rank in the army,55:Military Specific Occupations,
film director,,,"27:Arts, Design, Entertainment, Sports, and Media Occupations",
film star,film_star.n.01,a star who plays leading roles in the cinema,"27:Arts, Design, Entertainment, Sports, and Media Occupations",
filmmaker,film_maker.n.01,a producer of motion pictures,"27:Arts, Design, Entertainment, Sports, and Media Occupations",
firefighter,fireman.n.04,a member of a fire department who tries to extinguish fires,33:Protective Service Occupations,
fireman,fireman.n.04,a member of a fire department who tries to extinguish fires,33:Protective Service Occupations,
fireman,reliever.n.03,a pitcher who does not start the game,"27:Arts, Design, Entertainment, Sports, and Media Occupations",
fireman,stoker.n.02,a laborer who tends fires (as on a coal-fired train or steamship),53:Transportation and Material Moving Occupations,
fisher,fisherman.n.01,someone whose occupation is catching fish,"45:Farming, Fishing, and Forestry Occupations",
fisherman,fisherman.n.01,someone whose occupation is catching fish,"45:Farming, Fishing, and Forestry Occupations",
flight attendant,steward.n.03,an attendant on an airplane,53:Transportation and Material Moving Occupations,
florist,florist.n.01,someone who grows and deals in flowers,"27:Arts, Design, Entertainment, Sports, and Media Occupations",
foot soldier,infantryman.n.01,fights on foot with small arms,55:Military Specific Occupations,
football player,football_player.n.01,an athlete who plays American football,"27:Arts, Design, Entertainment, Sports, and Media Occupations",
footballer,football_player.n.01,an athlete who plays American football,"27:Arts, Design, Entertainment, Sports, and Media Occupations",
foreign minister,foreign_minister.n.01,a government minister for foreign relations,11:Management Occupations,
foreman,foreman.n.01,a person who exercises control over workers,37:Building and Grounds Cleaning and Maintenance Occupations,47:Construction and Extraction Occupations
foreman,foreman.n.02,a man who is foreperson of a jury,23:Legal Occupations,
fortune teller,fortuneteller.n.01,a person who foretells your personal future,"27:Arts, Design, Entertainment, Sports, and Media Occupations",
gardener,gardener.n.01,someone who takes care of a garden,37:Building and Grounds Cleaning and Maintenance Occupations,
gardener,gardener.n.02,someone employed to work in a garden,37:Building and Grounds Cleaning and Maintenance Occupations,
gendarme,gendarme.n.01,a French policeman,33:Protective Service Occupations,
general,general.n.01,a general officer of the highest rank,55:Military Specific Occupations,11:Management Occupations
general,general.n.02,the head of a religious order or congregation,21:Community and Social Service Occupations,
general manager,general_manager.n.01,the highest ranking manager,11:Management Occupations,
geologist,geologist.n.01,a specialist in geology,"19:Life, Physical, and Social Science Occupations",
girl scout,girl_scout.n.01,a girl who is a member of the Girl Scouts,Can't Say,
gold digger,,,Can't Say,
golfer,golfer.n.01,someone who plays the game of golf,"27:Arts, Design, Entertainment, Sports, and Media Occupations",
governess,governess.n.01,a woman entrusted with the care and supervision of a child (especially in a private home),39:Personal Care and Service Occupations,
governor,governor.n.01,the head of a state government,11:Management Occupations,
gp,general_practitioner.n.01,a physician who is not a specialist but treats all illnesses,29:Healthcare Practitioners and Technical Occupations,
grader,grader.n.01,a judge who assigns grades to something,General,
grocer,grocer.n.01,a retail merchant who sells foodstuffs (and some household supplies),41:Sales and Related Occupations,
groom,stableman.n.01,someone employed in a stable to take care of the horses,"45:Farming, Fishing, and Forestry Occupations",
grower,agriculturist.n.01,someone concerned with the science or art or business of cultivating the soil,"19:Life, Physical, and Social Science Occupations",
guard,guard.n.01,a person who keeps watch over something or someone,33:Protective Service Occupations,
guard,guard.n.02,the person who plays that position on a football team,"27:Arts, Design, Entertainment, Sports, and Media Occupations",
guard,guard.n.05,the person who plays the position of guard on a basketball team,"27:Arts, Design, Entertainment, Sports, and Media Occupations",
guard,guard.n.06,a military unit serving to protect some place or person,33:Protective Service Occupations,
guidance counselor,,,21:Community and Social Service Occupations,
guide,guide.n.02,someone who shows the way by leading or advising,General,
guide,scout.n.04,someone who can find paths through unexplored territory,General,
guide,usher.n.03,someone employed to conduct others,General,
guitar player,guitarist.n.01,a musician who plays the guitar,"27:Arts, Design, Entertainment, Sports, and Media Occupations",
guitarist,guitarist.n.01,a musician who plays the guitar,"27:Arts, Design, Entertainment, Sports, and Media Occupations",
gunner,artilleryman.n.01,a serviceman in the artillery,55:Military Specific Occupations,
gymnast,gymnast.n.01,an athlete who is skilled in gymnastics,"27:Arts, Design, Entertainment, Sports, and Media Occupations",
gynecologist,gynecologist.n.01,a specialist in gynecology,29:Healthcare Practitioners and Technical Occupations,
gypsy,itinerant.n.01,a laborer who moves from place to place as demanded by employment,Can't Say,
hacker,hacker.n.03,a programmer for whom computing is its own reward; may enjoy the challenge of breaking into other computers but does no harm,15:Computer and Mathematical Occupations,
hairdresser,hairdresser.n.01,someone who cuts or beautifies hair,39:Personal Care and Service Occupations,
harper,harpist.n.01,someone who plays the harp,"27:Arts, Design, Entertainment, Sports, and Media Occupations",
hatter,hatmaker.n.01,someone who makes and sells hats,41:Sales and Related Occupations,51:Production Occupations
headmaster,headmaster.n.01,presiding officer of a school,11:Management Occupations,
headmistress,headmistress.n.01,a woman headmaster,11:Management Occupations,
healer,therapist.n.01,a person skilled in a particular type of therapy,39:Personal Care and Service Occupations,
high priest,archpriest.n.01,a senior clergyman and dignitary,21:Community and Social Service Occupations,
high priest,high_priest.n.01,a preeminent authority or major proponent of a movement or doctrine,21:Community and Social Service Occupations,
historian,historian.n.01,a person who is an authority on history and who studies it and writes about it,"19:Life, Physical, and Social Science Occupations",
hockey player,hockey_player.n.01,an athlete who plays hockey,"27:Arts, Design, Entertainment, Sports, and Media Occupations",
home secretary,home_secretary.n.01,the British cabinet minister who is head of the Home Office,11:Management Occupations,
homicide detective,,,33:Protective Service Occupations,
hostess,hostess.n.01,a woman host,35:Food Preparation and Serving Related Occupations,
hostess,hostess.n.02,a woman innkeeper,11:Management Occupations,
hostess,stewardess.n.01,a woman steward on an airplane,53:Transportation and Material Moving Occupations,
housemaid,maid.n.01,a female domestic,37:Building and Grounds Cleaning and Maintenance Occupations,
hunter,hunter.n.01,someone who hunts game,"45:Farming, Fishing, and Forestry Occupations",
huntsman,hunter.n.01,someone who hunts game,"45:Farming, Fishing, and Forestry Occupations",
iceman,hatchet_man.n.01,a professional killer,Can't Say,
iceman,iceman.n.01,someone who cuts and delivers ice,51:Production Occupations,
imam,imam.n.01,(Islam) the man who leads prayers in a mosque; for Shiites an imam is a recognized authority on Islamic theology and law and a spiritual guide,21:Community and Social Service Occupations,
innkeeper,host.n.08,the owner or manager of an inn,11:Management Occupations,
inspector,examiner.n.02,an investigator who observes carefully,Can't Say,
inspector,inspector.n.01,a high ranking police officer,33:Protective Service Occupations,
english teacher,english_teacher.n.01,someone who teaches English,25:Educational Instruction and Library Occupations,
interpreter,interpreter.n.01,someone who mediates between speakers of different languages,"27:Arts, Design, Entertainment, Sports, and Media Occupations",
interpreter,spokesperson.n.01,an advocate who represents someone else's policy or purpose,43:Office and Administrative Support Occupations,
investigator,detective.n.01,a police officer who investigates crimes,33:Protective Service Occupations,
investigator,investigator.n.02,someone who investigates,Can't Say,
investigator,research_worker.n.01,a scientist who devotes himself to doing research,"19:Life, Physical, and Social Science Occupations",
jailer,prison_guard.n.01,someone who guards prisoners,33:Protective Service Occupations,
janitor,janitor.n.01,someone employed to clean and maintain a building,37:Building and Grounds Cleaning and Maintenance Occupations,
jester,jester.n.01,a professional clown employed to entertain a king or nobleman in the Middle Ages,"27:Arts, Design, Entertainment, Sports, and Media Occupations",
jeweller,jeweler.n.02,someone in the business of selling jewelry,41:Sales and Related Occupations,
jeweller,jewelry_maker.n.01,someone who makes jewelry,51:Production Occupations,
jockey,jockey.n.01,someone employed to ride horses in horse races,"27:Arts, Design, Entertainment, Sports, and Media Occupations",
jockey,jockey.n.02,an operator of some vehicle or machine or apparatus,53:Transportation and Material Moving Occupations,
journalist,journalist.n.01,a writer for newspapers and magazines,"27:Arts, Design, Entertainment, Sports, and Media Occupations",
judge,evaluator.n.01,an authority who is able to estimate worth or quality,Can't Say,
judge,judge.n.01,a public official authorized to decide questions brought before a court of justice,23:Legal Occupations,
justice,judge.n.01,a public official authorized to decide questions brought before a court of justice,23:Legal Occupations,
keeper,custodian.n.01,one having charge of buildings or grounds or animals,37:Building and Grounds Cleaning and Maintenance Occupations,
keeper,keeper.n.01,someone in charge of other people,Can't Say,
laborer,laborer.n.01,someone who works with their hands; someone engaged in manual labor,Can't Say,
labourer,laborer.n.01,someone who works with their hands; someone engaged in manual labor,Can't Say,
lama,lama.n.01,a Tibetan or Mongolian priest of Lamaism,21:Community and Social Service Occupations,
lawyer,lawyer.n.01,a professional person authorized to practice law; conducts lawsuits or gives legal advice,23:Legal Occupations,
lecturer,lector.n.02,a public lecturer at certain universities,25:Educational Instruction and Library Occupations,
lecturer,lecturer.n.02,someone who lectures professionally,25:Educational Instruction and Library Occupations,
librarian,librarian.n.01,a professional person trained in library science and engaged in library services,25:Educational Instruction and Library Occupations,
lieutenant,deputy.n.02,an assistant with power to act when his superior is absent,33:Protective Service Occupations,
lieutenant,lieutenant.n.01,a commissioned military officer,33:Protective Service Occupations,55:Military Specific Occupations
lieutenant,lieutenant.n.02,an officer in a police force,33:Protective Service Occupations,
lieutenant,lieutenant.n.04,an officer holding a commissioned rank in the United States Navy or the United States Coast Guard; below lieutenant commander and above lieutenant junior grade,33:Protective Service Occupations,55:Military Specific Occupations
lifeguard,lifeguard.n.01,an attendant employed at a beach or pool to protect swimmers from accidents,33:Protective Service Occupations,
lifesaver,lifeguard.n.01,an attendant employed at a beach or pool to protect swimmers from accidents,33:Protective Service Occupations,
lobbyist,lobbyist.n.01,someone who is employed to persuade legislators to vote for legislation that favors the lobbyist's employer,"27:Arts, Design, Entertainment, Sports, and Media Occupations",
locksmith,locksmith.n.01,someone who makes or repairs locks,"49:Installation, Maintenance, and Repair Occupations",
lumberjack,lumberman.n.01,a person who fells trees,"45:Farming, Fishing, and Forestry Occupations",
magician,magician.n.01,someone who performs magic tricks to amuse an audience,"27:Arts, Design, Entertainment, Sports, and Media Occupations",
magician,sorcerer.n.01,one who practices magic or sorcery,"27:Arts, Design, Entertainment, Sports, and Media Occupations",
magistrate,magistrate.n.01,a lay judge or civil authority who administers the law (especially one who conducts a court dealing with minor offenses),23:Legal Occupations,
maid,maid.n.01,a female domestic,37:Building and Grounds Cleaning and Maintenance Occupations,
mailman,mailman.n.01,a man who delivers the mail,53:Transportation and Material Moving Occupations,
major,major.n.01,a commissioned military officer in the United States Army or Air Force or Marines; below lieutenant colonel and above captain,55:Military Specific Occupations,
manager,coach.n.01,(sports) someone in charge of training an athlete or a team,"27:Arts, Design, Entertainment, Sports, and Media Occupations",
manager,director.n.01,someone who controls resources and expenditures,11:Management Occupations,
managing director,director.n.01,someone who controls resources and expenditures,11:Management Occupations,
mannequin,mannequin.n.01,a woman who wears clothes to display fashions,"27:Arts, Design, Entertainment, Sports, and Media Occupations",
manufacturer,manufacturer.n.02,someone who manufactures something,51:Production Occupations,
marine,marine.n.01,a member of the United States Marine Corps,55:Military Specific Occupations,
marine,marine.n.02,a soldier who serves both on shipboard and on land,55:Military Specific Occupations,
marshall,marshal.n.01,a law officer having duties similar to those of a sheriff in carrying out the judgments of a court of law,33:Protective Service Occupations,
marshall,marshal.n.02,(in some countries) a military officer of highest rank,55:Military Specific Occupations,
mason,mason.n.04,a craftsman who works with stone or brick,47:Construction and Extraction Occupations,
masseur,masseur.n.01,a male massager,31:Healthcare Support Occupations,
masseuse,masseuse.n.01,a female massager,31:Healthcare Support Occupations,
masterchef,,,35:Food Preparation and Serving Related Occupations,
mathematician,mathematician.n.01,a person skilled in mathematics,15:Computer and Mathematical Occupations,
mayor,mayor.n.01,the head of a city government,11:Management Occupations,
md,doctor.n.01,a licensed medical practitioner,29:Healthcare Practitioners and Technical Occupations,
mechanic,automobile_mechanic.n.01,someone whose occupation is repairing and maintaining automobiles,"49:Installation, Maintenance, and Repair Occupations",
mechanic,machinist.n.01,a craftsman skilled in operating machine tools,"49:Installation, Maintenance, and Repair Occupations",47:Construction and Extraction Occupations
medic,medical_officer.n.01,a medical practitioner in the armed forces,55:Military Specific Occupations,
medical examiner,coroner.n.01,a public official who investigates by inquest any death not due to natural causes,33:Protective Service Occupations,
medical officer,,,29:Healthcare Practitioners and Technical Occupations,
merchant,merchant.n.01,a businessperson engaged in retail trade,53:Transportation and Material Moving Occupations,13:Business and Financial Operations Occupations
messenger,messenger.n.01,a person who carries a message,43:Office and Administrative Support Occupations,
midwife,midwife.n.01,a woman skilled in aiding the delivery of babies,29:Healthcare Practitioners and Technical Occupations,
milkman,milkman.n.01,someone who delivers milk,53:Transportation and Material Moving Occupations,
miller,miller.n.04,someone who works in a mill (especially a grain mill),51:Production Occupations,
miner,miner.n.01,laborer who works in a mine,47:Construction and Extraction Occupations,
minister,curate.n.01,a person authorized to conduct religious worship,21:Community and Social Service Occupations,
minister,minister.n.02,a person appointed to a high office in the government,11:Management Occupations,
minister,minister.n.03,a diplomat representing one government to another; ranks below ambassador,11:Management Occupations,
minstrel,folk_singer.n.01,a singer of folk songs,"27:Arts, Design, Entertainment, Sports, and Media Occupations",
minstrel,minstrel.n.02,a performer in a minstrel show,"27:Arts, Design, Entertainment, Sports, and Media Occupations",
missionary,missionary.n.01,someone who attempts to convert others to a particular doctrine or program,21:Community and Social Service Occupations,
missionary,missionary.n.02,someone sent on a mission--especially a religious or charitable mission to a foreign country,21:Community and Social Service Occupations,
mistress,mistress.n.03,a woman master who directs the work of others,Can't Say,
music teacher,music_teacher.n.01,someone who teaches music,25:Educational Instruction and Library Occupations,
monk,monk.n.01,a male religious living in a cloister and devoting himself to contemplation and prayer and work,21:Community and Social Service Occupations,
monsignor,monsignor.n.01,(Roman Catholic Church) an ecclesiastical title of honor bestowed on some priests,21:Community and Social Service Occupations,
movie star,film_star.n.01,a star who plays leading roles in the cinema,"27:Arts, Design, Entertainment, Sports, and Media Occupations",
proctor,proctor.n.01,someone who supervises (an examination),25:Educational Instruction and Library Occupations,
musician,musician.n.01,someone who plays a musical instrument (as a profession),"27:Arts, Design, Entertainment, Sports, and Media Occupations",
musician,musician.n.02,artist who composes or conducts music as a profession,"27:Arts, Design, Entertainment, Sports, and Media Occupations",
musketeer,musketeer.n.01,a foot soldier armed with a musket,55:Military Specific Occupations,
nanny,nanny.n.01,a woman who is the custodian of children,39:Personal Care and Service Occupations,
navigator,navigator.n.02,the member of an aircrew who is responsible for the aircraft's course,55:Military Specific Occupations,
navigator,sailing_master.n.01,the ship's officer in charge of navigation,55:Military Specific Occupations,53:Transportation and Material Moving Occupations
navy seal,navy_seal.n.01,a member of a Naval Special Warfare unit who is trained for unconventional warfare,55:Military Specific Occupations,
neurologist,neurologist.n.01,a medical specialist in the nervous system and the disorders affecting it,29:Healthcare Practitioners and Technical Occupations,
neurosurgeon,neurosurgeon.n.01,someone who does surgery on the nervous system (especially the brain),29:Healthcare Practitioners and Technical Occupations,
night watchman,night_watchman.n.01,a watchman who works during the night,33:Protective Service Occupations,
notary,notary.n.01,someone legally empowered to witness signatures and certify a document's validity and to take depositions,43:Office and Administrative Support Occupations,
novelist,novelist.n.01,one who writes novels,"27:Arts, Design, Entertainment, Sports, and Media Occupations",
nun,nun.n.01,a woman religious,21:Community and Social Service Occupations,
nurse,nanny.n.01,a woman who is the custodian of children,39:Personal Care and Service Occupations,
nurse,nurse.n.01,one skilled in caring for young children or the sick (usually under the supervision of a physician),29:Healthcare Practitioners and Technical Occupations,
officer,military_officer.n.01,any person in the armed services who holds a position of authority or command,55:Military Specific Occupations,
officer,officeholder.n.01,someone who is appointed or elected to an office and who holds a position of trust,11:Management Occupations,43:Office and Administrative Support Occupations
officer,officer.n.04,a person authorized to serve in a position of authority on a vessel,55:Military Specific Occupations,
officer,policeman.n.01,a member of a police force,33:Protective Service Occupations,
oncologist,oncologist.n.01,a specialist in oncology,29:Healthcare Practitioners and Technical Occupations,
operative,private_detective.n.01,someone who can be employed as a detective to collect information,33:Protective Service Occupations,
operative,secret_agent.n.01,a person secretly employed in espionage for a government,33:Protective Service Occupations,
operator,operator.n.02,an agent that operates some apparatus or machine,General,
operator,operator.n.03,someone who owns or operates a business,13:Business and Financial Operations Occupations,
operator,operator.n.05,a speculator who trades aggressively on stock or commodity markets,41:Sales and Related Occupations,
padre,father.n.03,`Father' is a term of address for priests in some churches (especially the Roman Catholic Church or the Orthodox Catholic Church); `Padre' is frequently used in the military,21:Community and Social Service Occupations,
padre,military_chaplain.n.01,a chaplain in one of the military services,21:Community and Social Service Occupations,
painter,painter.n.01,an artist who paints,"27:Arts, Design, Entertainment, Sports, and Media Occupations",
painter,painter.n.02,a worker who is employed to cover objects with paint,47:Construction and Extraction Occupations,51:Production Occupations
paralegal,paralegal.n.01,a person with specialized training who assists lawyers,23:Legal Occupations,
paramedic,paramedic.n.01,a person trained to assist medical professionals and to give emergency medical treatment,29:Healthcare Practitioners and Technical Occupations,
parole officer,,,21:Community and Social Service Occupations,
parson,curate.n.01,a person authorized to conduct religious worship,21:Community and Social Service Occupations,
pastor,curate.n.01,a person authorized to conduct religious worship,21:Community and Social Service Occupations,
pathologist,diagnostician.n.01,a doctor who specializes in medical diagnosis,29:Healthcare Practitioners and Technical Occupations,
patrol,patrol.n.03,a group that goes through a region at regular intervals for the purpose of security,33:Protective Service Occupations,
peddler,peddler.n.01,someone who travels about selling his wares (as on the streets or at carnivals),41:Sales and Related Occupations,
pediatrician,baby_doctor.n.01,a specialist in the care of babies,29:Healthcare Practitioners and Technical Occupations,
personal assistant,,,43:Office and Administrative Support Occupations,
petty officer,petty_officer.n.01,a noncommissioned officer in the Navy or Coast Guard with a rank comparable to sergeant in the Army,55:Military Specific Occupations,
pharmacist,pharmacist.n.01,a health professional trained in the art of preparing and dispensing drugs,29:Healthcare Practitioners and Technical Occupations,
photographer,photographer.n.01,someone who takes photographs professionally,"27:Arts, Design, Entertainment, Sports, and Media Occupations",
physician,doctor.n.01,a licensed medical practitioner,29:Healthcare Practitioners and Technical Occupations,
physicist,physicist.n.01,a scientist trained in physics,"19:Life, Physical, and Social Science Occupations",
pianist,pianist.n.01,a person who plays the piano,"27:Arts, Design, Entertainment, Sports, and Media Occupations",
piano player,pianist.n.01,a person who plays the piano,"27:Arts, Design, Entertainment, Sports, and Media Occupations",
pilot,pilot.n.01,someone who is licensed to operate an aircraft in flight,53:Transportation and Material Moving Occupations,
pilot,pilot.n.02,a person qualified to guide ships through difficult waters going into or out of a harbor,53:Transportation and Material Moving Occupations,
piper,piper.n.01,someone who plays the bagpipe,"27:Arts, Design, Entertainment, Sports, and Media Occupations",
pitcher,pitcher.n.01,(baseball) the person who does the pitching,"27:Arts, Design, Entertainment, Sports, and Media Occupations",
plastic surgeon,cosmetic_surgeon.n.01,a surgeon who beautifies the body (especially the face),29:Healthcare Practitioners and Technical Occupations,
playwright,dramatist.n.01,someone who writes plays,"27:Arts, Design, Entertainment, Sports, and Media Occupations",
plumber,plumber.n.01,a craftsman who installs and repairs pipes and fixtures and appliances,47:Construction and Extraction Occupations,
po,petty_officer.n.01,a noncommissioned officer in the Navy or Coast Guard with a rank comparable to sergeant in the Army,55:Military Specific Occupations,
poet,poet.n.01,a writer of poems (the term is usually reserved for writers of good poetry),"27:Arts, Design, Entertainment, Sports, and Media Occupations",
police,police.n.01,the force of policemen and officers,33:Protective Service Occupations,
police chief,captain.n.03,a policeman in charge of a precinct,33:Protective Service Occupations,
police commissioner,police_commissioner.n.01,a civil commissioner appointed to supervise the duties and discipline of the police,33:Protective Service Occupations,
police force,police.n.01,the force of policemen and officers,33:Protective Service Occupations,
police officer,policeman.n.01,a member of a police force,33:Protective Service Occupations,
policeman,policeman.n.01,a member of a police force,33:Protective Service Occupations,
policewoman,police_matron.n.01,a woman policeman,33:Protective Service Occupations,
porn star,,,"27:Arts, Design, Entertainment, Sports, and Media Occupations",
porter,doorkeeper.n.03,someone who guards an entrance,33:Protective Service Occupations,
porter,porter.n.01,a person employed to carry luggage and supplies,39:Personal Care and Service Occupations,
porter,porter.n.06,a railroad employee who assists passengers (especially on sleeping cars),39:Personal Care and Service Occupations,
posse,posse.n.01,a temporary police force,33:Protective Service Occupations,
postman,mailman.n.01,a man who delivers the mail,53:Transportation and Material Moving Occupations,
potter,potter.n.01,a craftsman who shapes pottery on a potter's wheel and bakes them it a kiln,"27:Arts, Design, Entertainment, Sports, and Media Occupations",
preacher,preacher.n.01,someone whose occupation is preaching the gospel,21:Community and Social Service Occupations,
prefect,prefect.n.01,a chief officer or chief magistrate,43:Office and Administrative Support Occupations,23:Legal Occupations
president,president_of_the_united_states.n.01,the person who holds the office of head of state of the United States government,11:Management Occupations,
president,president.n.01,an executive officer of a firm or corporation,11:Management Occupations,
president,president.n.03,the chief executive of a republic,11:Management Occupations,
president,president.n.04,the officer who presides at the meetings of an organization,11:Management Occupations,
president,president.n.05,the head administrative officer of a college or university,11:Management Occupations,
president of the united states,president_of_the_united_states.n.01,the person who holds the office of head of state of the United States government,11:Management Occupations,
priest,priest.n.01,a clergyman in Christian churches who has the authority to perform or administer various religious rites; one of the Holy Orders,21:Community and Social Service Occupations,
priest,priest.n.02,a person who performs religious duties and ceremonies in a non-Christian religion,21:Community and Social Service Occupations,
priestess,priestess.n.01,a woman priest,21:Community and Social Service Occupations,
principal,principal.n.02,the educator who has executive authority for a school,11:Management Occupations,
principal,star.n.04,an actor who plays a principal role,"27:Arts, Design, Entertainment, Sports, and Media Occupations",
prior,prior.n.01,the head of a religious order; in an abbey the prior is next below the abbot,21:Community and Social Service Occupations,
prison guard,prison_guard.n.01,someone who guards prisoners,33:Protective Service Occupations,
private detective,private_detective.n.01,someone who can be employed as a detective to collect information,33:Protective Service Occupations,
private eye,private_detective.n.01,someone who can be employed as a detective to collect information,33:Protective Service Occupations,
private investigator,private_detective.n.01,someone who can be employed as a detective to collect information,33:Protective Service Occupations,
probation officer,probation_officer.n.01,the officer of the court who supervises probationers,21:Community and Social Service Occupations,
professor,professor.n.01,someone who is a member of the faculty at a college or university,25:Educational Instruction and Library Occupations,
producer,manufacturer.n.02,someone who manufactures something,51:Production Occupations,
producer,producer.n.02,someone who finds financing for and supervises the making and presentation of a show (play or film or program or similar work),"27:Arts, Design, Entertainment, Sports, and Media Occupations",
production designer,,,"27:Arts, Design, Entertainment, Sports, and Media Occupations",
mistress,schoolmarm.n.01,a woman schoolteacher (especially one regarded as strict),25:Educational Instruction and Library Occupations,
programmer,programmer.n.01,a person who designs and writes and tests computer programs,15:Computer and Mathematical Occupations,
prosecutor,prosecutor.n.01,a government official who conducts criminal prosecutions on behalf of the state,23:Legal Occupations,
psychiatrist,psychiatrist.n.01,a physician who specializes in psychiatry,29:Healthcare Practitioners and Technical Occupations,
psychologist,psychologist.n.01,a scientist trained in psychology,"19:Life, Physical, and Social Science Occupations",
public defender,public_defender.n.01,a lawyer who represents indigent defendants at public expense,23:Legal Occupations,
public prosecutor,prosecutor.n.01,a government official who conducts criminal prosecutions on behalf of the state,23:Legal Occupations,
publicist,publicist.n.01,someone who publicizes,"27:Arts, Design, Entertainment, Sports, and Media Occupations",
publisher,publisher.n.02,a person engaged in publishing periodicals or books or music,"27:Arts, Design, Entertainment, Sports, and Media Occupations",
publisher,publisher.n.03,the proprietor of a newspaper,"27:Arts, Design, Entertainment, Sports, and Media Occupations",
puppeteer,puppeteer.n.01,one who operates puppets or marionettes,"27:Arts, Design, Entertainment, Sports, and Media Occupations",
rabbi,rabbi.n.01,spiritual leader of a Jewish congregation; qualified to expound and apply Jewish law,21:Community and Social Service Occupations,
raiser,agriculturist.n.01,someone concerned with the science or art or business of cultivating the soil,"19:Life, Physical, and Social Science Occupations",
raiser,raiser.n.01,a bridge partner who increases the partner's bid,"27:Arts, Design, Entertainment, Sports, and Media Occupations",
ranger,commando.n.01,a member of a military unit trained as shock troops for hit-and-run raids,33:Protective Service Occupations,
ranger,fire_warden.n.01,an official who is responsible for managing and protecting an area of forest,33:Protective Service Occupations,
ranger,texas_ranger.n.01,a member of the Texas state highway patrol; formerly a mounted lawman who maintained order on the frontier,33:Protective Service Occupations,
rapper,rapper.n.01,someone who performs rap music,"27:Arts, Design, Entertainment, Sports, and Media Occupations",
real estate agent,real_estate_broker.n.01,a person who is authorized to act as an agent for the sale of land,41:Sales and Related Occupations,
realtor,realtor.n.01,a real estate agent who is a member of the National Association of Realtors,41:Sales and Related Occupations,
receptionist,receptionist.n.01,a secretary whose main duty is to answer the telephone and receive visitors,43:Office and Administrative Support Occupations,
recruiter,recruiter.n.01,someone who supplies members or employees,13:Business and Financial Operations Occupations,
recruiter,recruiter.n.02,an official who enlists personnel for military service,55:Military Specific Occupations,
rector,curate.n.01,a person authorized to conduct religious worship,21:Community and Social Service Occupations,
referee,referee.n.01,(sports) the chief official (as in boxing or American football) who is expected to ensure fair play,"27:Arts, Design, Entertainment, Sports, and Media Occupations",
referee,referee.n.03,an attorney appointed by a court to investigate and report on a case,23:Legal Occupations,
referee,reviewer.n.01,someone who reads manuscripts and judges their suitability for publication,23:Legal Occupations,
registrar,registrar.n.01,a person employed to keep a record of the owners of stocks and bonds issued by the company,43:Office and Administrative Support Occupations,
registrar,registrar.n.02,the administrator responsible for student records,43:Office and Administrative Support Occupations,11:Management Occupations
registrar,registrar.n.03,someone responsible for keeping records,43:Office and Administrative Support Occupations,
repairman,repairman.n.01,a skilled worker whose job is to repair things,"49:Installation, Maintenance, and Repair Occupations",
reporter,reporter.n.01,a person who investigates and reports or edits news stories,"27:Arts, Design, Entertainment, Sports, and Media Occupations",
representative,congressman.n.01,a member of the United States House of Representatives,11:Management Occupations,
representative,spokesperson.n.01,an advocate who represents someone else's policy or purpose,43:Office and Administrative Support Occupations,
researcher,research_worker.n.01,a scientist who devotes himself to doing research,"19:Life, Physical, and Social Science Occupations",
retailer,retailer.n.01,a merchant who sells goods at retail,41:Sales and Related Occupations,
reverend,clergyman.n.01,a member of the clergy and a spiritual leader of the Christian Church,21:Community and Social Service Occupations,
rock star,rock_star.n.01,a famous singer of rock music,"27:Arts, Design, Entertainment, Sports, and Media Occupations",
rocker,rocker.n.01,an attendant who rocks a child in a cradle,39:Personal Care and Service Occupations,
rocker,rocker.n.02,a performer or composer or fan of rock music,"27:Arts, Design, Entertainment, Sports, and Media Occupations",
runner,ball_carrier.n.01,(football) the player who is carrying (and trying to advance) the ball on an offensive play,"27:Arts, Design, Entertainment, Sports, and Media Occupations",
runner,base_runner.n.01,a baseball player on the team at bat who is on base (or attempting to reach a base),"27:Arts, Design, Entertainment, Sports, and Media Occupations",
runner,runner.n.03,a person who is employed to deliver messages or documents,53:Transportation and Material Moving Occupations,
runner,runner.n.06,a trained athlete who competes in foot races,"27:Arts, Design, Entertainment, Sports, and Media Occupations",
sailor,bluejacket.n.01,a serviceman in the navy,53:Transportation and Material Moving Occupations,
sailor,sailor.n.01,any member of a ship's crew,53:Transportation and Material Moving Occupations,
salesman,salesman.n.01,a man salesperson,41:Sales and Related Occupations,
school teacher,schoolteacher.n.01,a teacher in a school below the college level,25:Educational Instruction and Library Occupations,
scientist,scientist.n.01,a person with advanced knowledge of one or more sciences,"19:Life, Physical, and Social Science Occupations",
scout,lookout.n.01,a person employed to keep watch for some anticipated event,Can't Say,
scout,scout.n.02,a Boy Scout or Girl Scout,Can't Say,
scout,scout.n.03,someone employed to discover and recruit talented persons (especially in the worlds of entertainment or sports),"27:Arts, Design, Entertainment, Sports, and Media Occupations",
scout,scout.n.04,someone who can find paths through unexplored territory,Can't Say,
scribe,copyist.n.01,someone employed to make written copies of documents and manuscripts,43:Office and Administrative Support Occupations,
scribe,scribe.n.02,informal terms for journalists,"27:Arts, Design, Entertainment, Sports, and Media Occupations",
sculptor,sculptor.n.01,an artist who creates sculptures,"27:Arts, Design, Entertainment, Sports, and Media Occupations",
seal,navy_seal.n.01,a member of a Naval Special Warfare unit who is trained for unconventional warfare,55:Military Specific Occupations,
seaman,mariner.n.01,a man who serves as a sailor,53:Transportation and Material Moving Occupations,
seamstress,dressmaker.n.01,someone who makes or mends dresses,51:Production Occupations,
secret agent,secret_agent.n.01,a person secretly employed in espionage for a government,Can't Say,
secret police,secret_police.n.01,a police force that operates in secrecy (usually against persons suspected of treason or sedition),33:Protective Service Occupations,
secretary,secretary.n.01,a person who is head of an administrative department of government,11:Management Occupations,
secretary,secretary.n.02,an assistant who handles correspondence and clerical work for a boss or an organization,43:Office and Administrative Support Occupations,
secretary of state,foreign_minister.n.01,a government minister for foreign relations,11:Management Occupations,
secretary of state,secretary_of_state.n.01,the person who holds the secretaryship of the Department of State,11:Management Occupations,
security guard,watchman.n.01,a guard who keeps watch,33:Protective Service Occupations,
security officer,,,33:Protective Service Occupations,
senator,senator.n.01,a member of a senate,11:Management Occupations,
sergeant,police_sergeant.n.01,a lawman with the rank of sergeant,33:Protective Service Occupations,
sergeant,sergeant.n.01,any of several noncommissioned officer ranks in the Army or Air Force or Marines ranking above a corporal,55:Military Specific Occupations,
sergeant,serjeant-at-law.n.01,an English barrister of the highest rank,23:Legal Occupations,
sergeant major,sergeant_major.n.01,a noncommissioned officer serving as chief administrative officer of a headquarters unit of the Army,11:Management Occupations,
shaman,shaman.n.01,in societies practicing shamanism: one acting as a medium between the visible and spirit worlds; practices sorcery for healing or divination,21:Community and Social Service Occupations,
shepherd,sheepherder.n.01,a herder of sheep (on an open range); someone who keeps the sheep together in a flock,"45:Farming, Fishing, and Forestry Occupations",
shepherd,shepherd.n.01,a clergyman who watches over a group of people,21:Community and Social Service Occupations,
sheriff,sheriff.n.01,the principal law-enforcement officer in a county,33:Protective Service Occupations,
sherlock,private_detective.n.01,someone who can be employed as a detective to collect information,33:Protective Service Occupations,
shoemaker,cobbler.n.01,a person who makes or repairs shoes,51:Production Occupations,
shopkeeper,shopkeeper.n.01,a merchant who owns or manages a shop,41:Sales and Related Occupations,
showgirl,chorus_girl.n.01,a woman who dances in a chorus line,"27:Arts, Design, Entertainment, Sports, and Media Occupations",
singer,singer.n.01,a person who sings,"27:Arts, Design, Entertainment, Sports, and Media Occupations",
sitter,artist's_model.n.01,a person who poses for a painter or sculptor,"27:Arts, Design, Entertainment, Sports, and Media Occupations",
sitter,babysitter.n.01,a person engaged to care for children when the parents are not home,39:Personal Care and Service Occupations,
skater,skater.n.01,someone who skates,"27:Arts, Design, Entertainment, Sports, and Media Occupations",
skier,skier.n.01,someone who skis,"27:Arts, Design, Entertainment, Sports, and Media Occupations",
skipper,captain.n.02,the naval officer in command of a military ship,55:Military Specific Occupations,
skipper,master.n.07,an officer who is licensed to command a merchant ship,53:Transportation and Material Moving Occupations,
sniper,sniper.n.01,a marksman who shoots at people from a concealed place,55:Military Specific Occupations,
soccer player,soccer_player.n.01,an athlete who plays soccer,"27:Arts, Design, Entertainment, Sports, and Media Occupations",
social worker,social_worker.n.01,someone employed to provide social services (especially to the disadvantaged),21:Community and Social Service Occupations,
soldier,soldier.n.01,an enlisted man or woman who serves in an army,55:Military Specific Occupations,
solicitor,solicitor.n.01,a petitioner who solicits contributions or trade or votes,41:Sales and Related Occupations,
solicitor,solicitor.n.02,a British lawyer who gives legal advice and prepares legal documents,23:Legal Occupations,
songwriter,songwriter.n.01,a composer of words or music for popular songs,"27:Arts, Design, Entertainment, Sports, and Media Occupations",
soprano,soprano.n.01,a female singer,"27:Arts, Design, Entertainment, Sports, and Media Occupations",
spokesman,spokesman.n.01,a male spokesperson,43:Office and Administrative Support Occupations,
spokesperson,spokesperson.n.01,an advocate who represents someone else's policy or purpose,43:Office and Administrative Support Occupations,
spotter,lookout.n.01,a person employed to keep watch for some anticipated event,55:Military Specific Occupations,
spotter,spotter.n.01,a worker employed at a dry-cleaning establishment to remove spots,51:Production Occupations,
spotter,spotter.n.02,a worker employed to apply spots (as markers or identifiers),Can't Say,
spy,spy.n.01,(military) a secret agent hired by a state to obtain information about its enemies or by a business to obtain industrial secrets from competitors,55:Military Specific Occupations,
spy,spy.n.02,a secret watcher; someone who secretly watches other people,Can't Say,
ss,schutzstaffel.n.01,special police force in Nazi Germany founded as a personal bodyguard for Adolf Hitler in 1925; the SS administered the concentration camps,33:Protective Service Occupations,
staff sergeant,staff_sergeant.n.01,a noncommissioned officer ranking above corporal and below sergeant first class in the Army or Marines or above airman 1st class in the Air Force,55:Military Specific Occupations,
state trooper,,,33:Protective Service Occupations,
steward,custodian.n.01,one having charge of buildings or grounds or animals,37:Building and Grounds Cleaning and Maintenance Occupations,
steward,shop_steward.n.01,a union member who is elected to represent fellow workers in negotiating with management,13:Business and Financial Operations Occupations,
steward,steward.n.01,someone who manages property or other affairs for someone else,11:Management Occupations,
steward,steward.n.02,the ship's officer who is in charge of provisions and dining arrangements,35:Food Preparation and Serving Related Occupations,
steward,steward.n.03,an attendant on an airplane,53:Transportation and Material Moving Occupations,
stewardess,stewardess.n.01,a woman steward on an airplane,53:Transportation and Material Moving Occupations,
stockbroker,stockbroker.n.01,an agent in the buying and selling of stocks and bonds,41:Sales and Related Occupations,
stripper,stripper.n.02,a worker who strips the stems from moistened tobacco leaves and binds the leaves together into books,51:Production Occupations,
stripper,stripper.n.03,a performer who provides erotic entertainment by undressing to music,"27:Arts, Design, Entertainment, Sports, and Media Occupations",
stylist,hairdresser.n.01,someone who cuts or beautifies hair,39:Personal Care and Service Occupations,
stylist,stylist.n.01,an artist who is a master of a particular style,39:Personal Care and Service Occupations,
superintendent,overseer.n.01,a person who directs and manages an organization,11:Management Occupations,
superintendent,superintendent.n.02,a caretaker for an apartment house; represents the owner as janitor and rent collector,37:Building and Grounds Cleaning and Maintenance Occupations,
supermodel,supermodel.n.01,a fashion model who has attained the status of a celebrity,"27:Arts, Design, Entertainment, Sports, and Media Occupations",
surfer,surfer.n.01,someone who engages in surfboarding,"27:Arts, Design, Entertainment, Sports, and Media Occupations",
surgeon,surgeon.n.01,a physician who specializes in surgery,29:Healthcare Practitioners and Technical Occupations,
surveyor,surveyor.n.01,an engineer who determines the boundaries and elevations of land or structures,17:Architecture and Engineering Occupations,
surveyor,surveyor.n.02,someone who conducts a statistical survey,17:Architecture and Engineering Occupations,
sweeper,sweeper.n.01,an employee who sweeps (floors or streets etc.),37:Building and Grounds Cleaning and Maintenance Occupations,
swimmer,swimmer.n.01,a trained athlete who participates in swimming meets,"27:Arts, Design, Entertainment, Sports, and Media Occupations",
tailor,tailor.n.01,a person whose occupation is making and altering garments,51:Production Occupations,
instructor,teacher.n.01,a person whose occupation is teaching,25:Educational Instruction and Library Occupations,
technician,technician.n.01,someone whose occupation involves training in a specific technical process,General,
technician,technician.n.02,someone known for high skill in some intellectual or artistic technique,General,
teller,teller.n.02,an official appointed to count the votes (especially in legislative assembly),43:Office and Administrative Support Occupations,
teller,teller.n.03,an employee of a bank who receives and pays out money,43:Office and Administrative Support Occupations,
tester,examiner.n.01,someone who administers a test to determine your qualifications,General,
therapist,therapist.n.01,a person skilled in a particular type of therapy,29:Healthcare Practitioners and Technical Occupations,
tour guide,tour_guide.n.01,a guide who leads others on a tour,39:Personal Care and Service Occupations,
trader,trader.n.01,someone who purchases and maintains an inventory of goods to be sold,41:Sales and Related Occupations,
trainer,trainer.n.01,one who trains other persons or animals,39:Personal Care and Service Occupations,
translator,interpreter.n.01,someone who mediates between speakers of different languages,"27:Arts, Design, Entertainment, Sports, and Media Occupations",
translator,translator.n.01,a person who translates written messages from one language to another,"27:Arts, Design, Entertainment, Sports, and Media Occupations",
trapper,trapper.n.01,someone who sets traps for animals (usually to obtain their furs),"45:Farming, Fishing, and Forestry Occupations",
travel agent,travel_agent.n.01,someone who sells or arranges trips or tours for customers,41:Sales and Related Occupations,
treasurer,treasurer.n.01,an officer charged with receiving and disbursing funds,11:Management Occupations,
trooper,cavalryman.n.01,a soldier in a motorized army unit,55:Military Specific Occupations,
trooper,cavalryman.n.02,a soldier mounted on horseback,55:Military Specific Occupations,
trooper,trooper.n.02,a mounted policeman,33:Protective Service Occupations,
trooper,trooper.n.03,a state police officer,33:Protective Service Occupations,
truck driver,teamster.n.02,someone who drives a truck as an occupation,53:Transportation and Material Moving Occupations,
trucker,teamster.n.02,someone who drives a truck as an occupation,53:Transportation and Material Moving Occupations,
teacher,teacher.n.01,a person whose occupation is teaching,25:Educational Instruction and Library Occupations,
typist,typist.n.01,someone paid to operate a typewriter,43:Office and Administrative Support Occupations,
understudy,understudy.n.01,an actor able to replace a regular performer when required,"27:Arts, Design, Entertainment, Sports, and Media Occupations",
undertaker,mortician.n.01,one whose business is the management of funerals,39:Personal Care and Service Occupations,
up person,,,35:Food Preparation and Serving Related Occupations,
usher,usher.n.02,an official stationed at the entrance of a courtroom or legislative chamber,39:Personal Care and Service Occupations,
usher,usher.n.03,someone employed to conduct others,39:Personal Care and Service Occupations,
valet,valet.n.01,a manservant who acts as a personal attendant to his employer,39:Personal Care and Service Occupations,
vendor,seller.n.01,someone who promotes or exchanges goods or services for money,41:Sales and Related Occupations,
ventriloquist,ventriloquist.n.01,a performer who projects the voice into a wooden dummy,"27:Arts, Design, Entertainment, Sports, and Media Occupations",
veterinarian,veterinarian.n.01,a doctor who practices veterinary medicine,29:Healthcare Practitioners and Technical Occupations,
vicar,vicar.n.01,a Roman Catholic priest who acts for another higher-ranking clergyman,21:Community and Social Service Occupations,
vicar,vicar.n.02,(Episcopal Church) a clergyman in charge of a chapel,21:Community and Social Service Occupations,
vicar,vicar.n.03,(Church of England) a clergyman appointed to act as priest of a parish,21:Community and Social Service Occupations,
vice president,vice_president.n.01,an executive officer ranking immediately below a president; may serve in the president's place under certain circumstances,11:Management Occupations,
viceroy,viceroy.n.01,governor of a country or province who rules as the representative of his or her king or sovereign,11:Management Occupations,
violinist,violinist.n.01,a musician who plays the violin,"27:Arts, Design, Entertainment, Sports, and Media Occupations",
vocalist,singer.n.01,a person who sings,"27:Arts, Design, Entertainment, Sports, and Media Occupations",
waiter,waiter.n.01,a person whose occupation is to serve at table (as in a restaurant),35:Food Preparation and Serving Related Occupations,
waitress,waitress.n.01,a woman waiter,35:Food Preparation and Serving Related Occupations,
warden,warden.n.01,the chief official in charge of a prison,33:Protective Service Occupations,
watcher,watchman.n.01,a guard who keeps watch,33:Protective Service Occupations,
watchman,watchman.n.01,a guard who keeps watch,33:Protective Service Occupations,
weatherman,weatherman.n.01,predicts the weather,"19:Life, Physical, and Social Science Occupations",
weaver,weaver.n.01,a craftsman who weaves cloth,51:Production Occupations,
wedding planner,,,13:Business and Financial Operations Occupations,
wingman,wingman.n.01,the pilot who positions his aircraft outside and behind (on the wing of) the leader of a flying formation,53:Transportation and Material Moving Occupations,
witch doctor,witch_doctor.n.01,someone who is believed to heal through magical powers,29:Healthcare Practitioners and Technical Occupations,
wrestler,wrestler.n.01,combatant who tries to throw opponent to the ground,"27:Arts, Design, Entertainment, Sports, and Media Occupations",
writer,writer.n.01,writes (books or stories or articles or the like) professionally (for pay),"27:Arts, Design, Entertainment, Sports, and Media Occupations",
cinematographer,cameraman.n.01,a photographer who operates a movie camera,"27:Arts, Design, Entertainment, Sports, and Media Occupations",
chief executive,president_of_the_united_states.n.01,the person who holds the office of head of state of the United States government,11:Management Occupations,
chief executive,president_of_the_united_states.n.02,the office of the United States head of state,11:Management Occupations,
sketch artist,,,"27:Arts, Design, Entertainment, Sports, and Media Occupations",
